EverythingIsAwesome,Vibe
AwkwardTurtle,Vibe
TurnUp,Vibe
LustyIntentions,Vibe
RageMachine,Vibe
WeakDrinks,Drinks
StrongDrinks,Drinks
LinesForDays,General
DanceAllNight,Dance / Music
HitItAndQuitIt,Vibe
SausageFest,General
Crickets,Vibe
GenerousBartender,Drinks
GetLucky,Vibe
DjMyPantsOff,Dance / Music
DrinksWithUmbrellas,Drinks
DrinkUntilADraught,Drinks
IWannaSeeYouBeBrave,General
That'sNo,General
TooSoberForThis,Vibe
GrindFest,Dance / Music
SoreAllOver,Dance / Music
IsThatMyMom?,Vibe
WubWubWub,Dance / Music
PackedLikeSardines,General
CoverCharge,General
WhatClothes?,General
HottiesGalore,General
SuitUp,General
It'sATrap!,General
FunkyTown,Dance / Music
Let'sGetTrippy,Vibe
90sThrowback!,Dance / Music
